{"cameraMode":{"drawMode":0,"name":"Shaded","section":"Shading Mode"},"sceneLighting":true,"audioPlay":false,"sceneViewState":{"showFog":true,"showMaterialUpdate":false,"showSkybox":true,"showFlares":true,"showImageEffects":true,"showParticleSystems":true},"in2DMode":false,"pivot":{"x":25.162160873413087,"y":-10.718469619750977,"z":-2.2305796146392824},"rotation":{"x":0.11308745294809342,"y":0.8672552704811096,"z":-0.22969995439052583,"w":0.42698654532432558},"size":54.76455307006836,"orthographic":false}